﻿<?xml version="1.0" encoding="utf-8"?><DEFECTS><DEFECT><SFA><FILEPATH>c:\users\aditya\documents\visual studio 2013\projects\auditprodll\auditprodll\</FILEPATH><FILENAME>auditprodll.cpp</FILENAME><LINE>245</LINE><COLUMN>8</COLUMN></SFA><DEFECTCODE>6246</DEFECTCODE><DESCRIPTION>Local declaration of 'i' hides declaration of the same name in outer scope. For additional information, see previous declaration at line '239' of 'c:\users\aditya\documents\visual studio 2013\projects\auditprodll\auditprodll\auditprodll.cpp'.</DESCRIPTION><FUNCTION>AuditFuncs::system_info</FUNCTION><DECORATED>?system_info@AuditFuncs@@YAXXZ</DECORATED><FUNCLINE>223</FUNCLINE><PATH><SFA><FILEPATH>c:\users\aditya\documents\visual studio 2013\projects\auditprodll\auditprodll\</FILEPATH><FILENAME>auditprodll.cpp</FILENAME><LINE>239</LINE><COLUMN>21</COLUMN></SFA></PATH></DEFECT><DEFECT><SFA><FILEPATH>c:\users\aditya\documents\visual studio 2013\projects\auditprodll\auditprodll\</FILEPATH><FILENAME>auditprodll.cpp</FILENAME><LINE>246</LINE><COLUMN>8</COLUMN></SFA><DEFECTCODE>6246</DEFECTCODE><DESCRIPTION>Local declaration of 'a' hides declaration of the same name in outer scope. For additional information, see previous declaration at line '239' of 'c:\users\aditya\documents\visual studio 2013\projects\auditprodll\auditprodll\auditprodll.cpp'.</DESCRIPTION><FUNCTION>AuditFuncs::system_info</FUNCTION><DECORATED>?system_info@AuditFuncs@@YAXXZ</DECORATED><FUNCLINE>223</FUNCLINE><PATH><SFA><FILEPATH>c:\users\aditya\documents\visual studio 2013\projects\auditprodll\auditprodll\</FILEPATH><FILENAME>auditprodll.cpp</FILENAME><LINE>239</LINE><COLUMN>7</COLUMN></SFA></PATH></DEFECT></DEFECTS>